"year","month","lake_712529","lake_677013","lake_676761","lake_671117","lake_733649","lake_711481","lake_800698","month_code"
1985,0,NA,NA,NA,0,NA,0.0396,3.1599,"Jan"
1985,1,432.7344,39.0321,8.649,0,0.0765,0.0216,2.7045,"Feb"
1985,2,440.3484,50.9607,8.4024,0.0405,0,0,4.0041,"Mar"
1985,3,89.1,59.2488,8.3952,0,0.0045,0,4.1265,"Apr"
1985,4,126.8028,58.9122,0.5112,0,0.0657,0,4.9815,"May"
1985,5,576.0837,58.3137,8.0892,0,0.0621,0,3.9978,"Jun"
1985,6,354.7404,58.059,0.8064,0.0837,0.0621,0,5.0409,"Jul"
1985,7,NA,NA,NA,0.0738,NA,NA,NA,"Aug"
1985,8,0,0,0,0.0918,NA,0,0,"Sep"
1985,9,0,0,0,0,NA,0,0,"Oct"
1985,10,0,0,0,0,0,0,0,"Nov"
1985,11,NA,NA,NA,0.0927,NA,NA,NA,"Dec"
1986,0,378.0216,59.2884,8.0676,0.0954,NA,0,2.4624,"Jan"
1986,1,458.9244,52.6338,7.5042,0,NA,0,4.1112,"Feb"
1986,2,492.6528,60.8724,5.2101,0,0.0882,0.0954,4.2759,"Mar"
1986,3,199.1898,61.2504,8.37,0,0.0567,0,1.4508,"Apr"
1986,4,572.4117,50.6061,8.1477,0,0.0036,0,0.6984,"May"
1986,5,526.4739,60.9876,8.3979,0.0711,0.081,0,4.8222,"Jun"
1986,6,150.0426,59.9301,3.2157,0.0711,0,0,0.8793,"Jul"
1986,7,NA,60.3891,NA,0.0837,NA,1.5246,NA,"Aug"
1986,8,0,0,NA,0,NA,0,0,"Sep"
1986,9,0,0,0,0,0,0,0,"Oct"
1986,10,0,0,0,0,0,0,0,"Nov"
1986,11,NA,51.9885,NA,0.0954,NA,0.0945,NA,"Dec"
1987,0,443.8485,50.8743,NA,0.0963,NA,0,4.3884,"Jan"
1987,1,363.8412,53.1531,8.4519,0.0738,0.0792,0,2.1195,"Feb"
1987,2,577.0827,55.9728,8.6058,0.0765,0.0774,0,3.5775,"Mar"
1987,3,572.8131,61.2855,8.6418,0.0306,0.0666,0,4.9959,"Apr"
1987,4,574.1856,58.9122,6.7149,0.0333,0.0144,0,5.0184,"May"
1987,5,555.2604,59.4891,8.613,0.036,0.0657,0,5.0337,"Jun"
1987,6,355.2642,59.931,7.776,0,0.0828,0.0423,4.5486,"Jul"
1987,7,NA,NA,NA,0.0846,NA,0.0027,NA,"Aug"
1987,8,0,0,0,0.0882,NA,0,0,"Sep"
1987,9,0,0,0,0,NA,0,0,"Oct"
1987,10,0,0,0,0,NA,0,0,"Nov"
1987,11,NA,NA,NA,0.0801,NA,0.0081,NA,"Dec"
1988,0,405.7461,48.7692,3.9168,0.0855,NA,0,4.0059,"Jan"
1988,1,546.5142,58.7358,4.7781,0.0729,NA,0,4.0968,"Feb"
1988,2,565.5699,59.3991,8.0739,0.0648,NA,0,1.1394,"Mar"
1988,3,483.7698,59.0724,7.362,0.0612,0.0657,0,4.617,"Apr"
1988,4,577.1232,58.1607,8.0253,0.0639,0,0,4.9743,"May"
1988,5,524.7648,57.3354,7.02,0.0729,0.0756,0,2.3688,"Jun"
1988,6,468.8523,56.1915,7.7238,0.0693,NA,0.0045,4.9842,"Jul"
1988,7,NA,56.0655,NA,0.0891,NA,0,NA,"Aug"
1988,8,0,0,NA,0.0819,NA,0,0,"Sep"
1988,9,0,0,0,0,NA,0,0,"Oct"
1988,10,0,0,0,0,NA,0,0,"Nov"
1988,11,NA,31.6098,NA,0,NA,0,NA,"Dec"
1989,0,411.1281,0.4176,NA,0.1035,NA,0,2.1744,"Jan"
1989,1,188.9478,54.0729,3.2976,0.0801,NA,0,0.027,"Feb"
1989,2,133.3188,55.1475,6.4872,0.0711,NA,0,0.603,"Mar"
1989,3,518.0337,55.3248,6.5403,0,NA,0.0018,3.2085,"Apr"
1989,4,561.1968,43.1091,3.2616,0,0.0027,0,4.2975,"May"
1989,5,463.7736,53.2548,7.5366,0.0261,0.0081,0,3.1131,"Jun"
1989,6,566.5851,51.1182,7.452,NA,0.0729,0,NA,"Jul"
1989,7,NA,NA,NA,NA,NA,NA,NA,"Aug"
1989,8,NA,NA,NA,NA,NA,NA,NA,"Sep"
1989,9,NA,NA,0,0,NA,NA,NA,"Oct"
1989,10,0,0,0,NA,0,0,NA,"Nov"
1989,11,NA,NA,NA,NA,NA,NA,NA,"Dec"
1990,0,NA,NA,NA,NA,NA,NA,NA,"Jan"
1990,1,NA,NA,5.3631,0.0855,NA,NA,NA,"Feb"
1990,2,85.6134,52.389,6.7851,0.0774,0.0603,9e-04,0.4815,"Mar"
1990,3,556.2369,52.47,7.1388,0,0,0.0423,2.6919,"Apr"
1990,4,500.7033,6.3504,6.858,0.0684,0.0729,0.0459,5.0301,"May"
1990,5,451.8756,46.4391,7.0686,0.0045,0.072,0,5.0481,"Jun"
1990,6,309.8655,49.2264,4.4874,0,0,0,NA,"Jul"
1990,7,NA,NA,NA,0.0909,NA,0.0198,NA,"Aug"
1990,8,0,0,0,0.0792,NA,0,0,"Sep"
1990,9,0,0,0,0,0,0,0,"Oct"
1990,10,0,0,0,0,0,0,NA,"Nov"
1990,11,NA,NA,NA,0.0909,NA,0.0891,NA,"Dec"
1991,0,427.6089,27.5625,2.8674,0.0864,NA,0.0657,2.3085,"Jan"
1991,1,527.6223,30.8412,3.7602,0.0801,0.0828,0.0027,3.9492,"Feb"
1991,2,548.6382,50.6934,5.2785,0.0729,0.0846,0,3.9942,"Mar"
1991,3,570.5883,49.1301,6.1983,0.0621,0.0027,0.0018,0.1575,"Apr"
1991,4,559.9845,47.8908,7.3512,0.0513,0.0477,0.0018,4.1283,"May"
1991,5,426.7359,46.5849,7.3719,0,0.0747,9e-04,2.808,"Jun"
1991,6,477.1953,46.7838,7.335,0.0432,0,0.0018,4.9851,"Jul"
1991,7,NA,NA,NA,0.0819,NA,0.009,NA,"Aug"
1991,8,0,0,0,0.0747,NA,0,0,"Sep"
1991,9,0,0,0,0,0,0,0,"Oct"
1991,10,0,0,0,0,0,0,0,"Nov"
1991,11,NA,NA,NA,0,NA,0.0063,NA,"Dec"
1992,0,348.9534,32.454,5.4639,0.0711,NA,0,3.9051,"Jan"
1992,1,391.0329,44.1936,6.9363,0.0018,0.0711,0,1.0215,"Feb"
1992,2,436.0455,46.35,1.6965,0.0144,0.0783,0,4.3497,"Mar"
1992,3,175.5117,25.7967,7.0677,0,0,0,4.4001,"Apr"
1992,4,300.1968,43.839,5.6925,0,0.009,0,4.4487,"May"
1992,5,434.0376,43.4043,6.8994,0.0018,0,0,3.3354,"Jun"
1992,6,497.8854,41.5305,6.9498,0,0,0,3.8646,"Jul"
1992,7,NA,41.0391,NA,0.0783,NA,0,NA,"Aug"
1992,8,0,0,0,0.063,NA,0,NA,"Sep"
1992,9,0,0,0,0,NA,0,0,"Oct"
1992,10,0,0,0,0,0,0,0,"Nov"
1992,11,NA,25.2324,NA,0.0954,NA,0.0522,NA,"Dec"
1993,0,508.9662,46.1304,3.5865,0,NA,0.0513,NA,"Jan"
1993,1,382.9707,37.8252,4.1994,0.0702,NA,0.2277,2.5641,"Feb"
1993,2,454.7376,41.9607,6.8733,0.0684,0.0828,0.2916,4.491,"Mar"
1993,3,493.398,46.8693,6.786,0.0621,0.0153,0.1503,3.2823,"Apr"
1993,4,522.3807,44.5086,7.3791,0,0,2.6937,3.9645,"May"
1993,5,528.8463,44.0991,7.6923,9e-04,0.0612,2.6352,2.6721,"Jun"
1993,6,375.2802,43.0236,6.8796,0.072,0.0792,2.6721,2.8584,"Jul"
1993,7,NA,41.3685,NA,0.0819,NA,1.7604,NA,"Aug"
1993,8,0,0,NA,0.0783,NA,0,0,"Sep"
1993,9,0,0,0,0,NA,0,0,"Oct"
1993,10,0,0,0,0,0,0,0,"Nov"
1993,11,NA,40.6467,NA,0.099,NA,0.1413,NA,"Dec"
1994,0,366.5871,41.8104,NA,0.1026,NA,0.0018,4.1085,"Jan"
1994,1,454.1274,37.755,7.6212,0.0945,NA,0.1476,4.2309,"Feb"
1994,2,577.314,45.6786,8.5311,0.0693,0.0846,0.0675,4.5135,"Mar"
1994,3,575.9235,30.7251,8.6139,0,0.0585,0,1.6506,"Apr"
1994,4,526.2471,42.1056,8.6211,0.0558,0.0477,0.0234,4.1769,"May"
1994,5,523.1484,39.5208,8.6688,0.0639,0.0612,0.0072,4.7286,"Jun"
1994,6,560.0016,37.6569,8.5554,0.0351,NA,0.0225,4.6989,"Jul"
1994,7,NA,24.2433,NA,0.0774,NA,0.0414,NA,"Aug"
1994,8,0,0,0,0.0774,NA,0,NA,"Sep"
1994,9,0,0,0,0,NA,0,0,"Oct"
1994,10,0,0,0,0,NA,0,0,"Nov"
1994,11,NA,42.6654,NA,0.0909,NA,0.0585,NA,"Dec"
1995,0,514.7946,41.6691,5.2047,0.099,NA,0.0801,NA,"Jan"
1995,1,414.0828,34.7706,3.384,0.0189,NA,0.0153,2.1915,"Feb"
1995,2,497.4354,34.7148,1.9944,0.0702,0.0486,2.6874,4.0617,"Mar"
1995,3,545.8086,37.9206,8.7336,0.0054,0.009,1.206,2.0295,"Apr"
1995,4,374.2209,43.8669,8.8641,0.0675,0,0.0171,1.2816,"May"
1995,5,523.2024,42.9003,9.0054,0.0225,0.0837,0.0063,3.0195,"Jun"
1995,6,NA,41.9049,NA,0.0774,0.0765,0.0126,NA,"Jul"
1995,7,NA,NA,NA,0.0783,NA,0,NA,"Aug"
1995,8,0,0,0,0.0945,NA,0,0,"Sep"
1995,9,0,0,0,0,NA,0,0,"Oct"
1995,10,NA,0,NA,0,0,0,NA,"Nov"
1995,11,NA,NA,NA,0.0981,NA,0.0783,NA,"Dec"
1996,0,477.2835,18.6651,3.7503,0.09,NA,0.0027,3.2535,"Jan"
1996,1,476.6148,45.6885,7.6221,0.0765,NA,0.0747,1.4175,"Feb"
1996,2,184.8933,34.3215,0,0.0594,0.0864,0.0495,2.6559,"Mar"
1996,3,463.8618,46.8693,9.0432,0.0324,0.0531,0,4.932,"Apr"
1996,4,455.8761,43.0785,9.0909,0,0.0594,0.0243,5.0418,"May"
1996,5,576.0081,41.9157,8.964,0.0027,0.0603,0,5.0364,"Jun"
1996,6,NA,34.4583,7.4322,0.0639,0,0.0117,0.4122,"Jul"
1996,7,NA,38.5326,NA,0.0837,NA,0.009,NA,"Aug"
1996,8,NA,0,NA,0.0819,NA,0,NA,"Sep"
1996,9,0,0,0,0,NA,0,0,"Oct"
1996,10,NA,0,0,0,0,0,0,"Nov"
1996,11,NA,43.8867,NA,0.0315,NA,0.1197,NA,"Dec"
1997,0,NA,34.5573,NA,0.0828,NA,0.1485,NA,"Jan"
1997,1,574.695,47.4633,7.7256,0.0783,NA,0.1179,3.996,"Feb"
1997,2,340.4187,47.8728,8.892,0.0765,0.0828,0.0855,2.8521,"Mar"
1997,3,464.7249,48.204,8.3538,0,9e-04,0,3.7512,"Apr"
1997,4,575.7975,46.71,8.9208,0.0018,0.0108,0,4.608,"May"
1997,5,449.1459,45.7191,9.0639,0.0621,0.0162,0.0027,5.0508,"Jun"
1997,6,572.5656,46.4877,9.1341,0.0549,0.0819,0,NA,"Jul"
1997,7,NA,NA,NA,0.0702,NA,NA,NA,"Aug"
1997,8,NA,0,0,0.0846,NA,NA,0,"Sep"
1997,9,0,0,0,0,0,0,0,"Oct"
1997,10,0,0,0,0,0,0,NA,"Nov"
1997,11,NA,NA,NA,0,NA,NA,NA,"Dec"
1998,0,NA,43.9074,7.2405,0.0846,NA,NA,2.9673,"Jan"
1998,1,471.1176,45.6381,6.201,0.0774,0.0864,0.1287,3.5379,"Feb"
1998,2,509.1705,44.7867,8.595,0.0711,0.0864,0.0018,2.6856,"Mar"
1998,3,549.6453,42.8778,3.9555,0.0666,0,0.0297,1.1259,"Apr"
1998,4,575.7075,49.3461,8.7768,0.0252,9e-04,0,4.6098,"May"
1998,5,562.0437,49.6926,8.7993,0.0702,0.0414,0.0171,5.0166,"Jun"
1998,6,562.9644,48.3246,8.8407,0.0585,0.0765,0.0126,NA,"Jul"
1998,7,NA,49.5729,NA,0,NA,0.0234,NA,"Aug"
1998,8,0,0,0,0.09,NA,0,0,"Sep"
1998,9,0,0,0,0,0,0,0,"Oct"
1998,10,0,0,0,0,0,0,NA,"Nov"
1998,11,NA,41.0076,NA,0.0801,NA,0.1134,NA,"Dec"
1999,0,546.6528,41.3136,7.3017,0.0846,NA,0.0963,2.0988,"Jan"
1999,1,416.6514,41.3127,8.487,0.0648,0.0972,0.1197,3.942,"Feb"
1999,2,573.5691,52.3422,8.4825,0.0801,0.0774,0.1215,1.3824,"Mar"
1999,3,571.4694,52.6743,8.6796,0.0747,0.054,0.0666,0.6759,"Apr"
1999,4,574.3035,51.6141,8.7966,0.0612,0.0702,0.0342,5.0472,"May"
1999,5,576.9666,50.9022,8.8038,0.0666,0,0.0153,3.9312,"Jun"
1999,6,576.5742,50.004,8.6994,0.0702,0.0459,0.0261,5.0139,"Jul"
1999,7,NA,49.7088,NA,0.081,NA,0.0369,NA,"Aug"
1999,8,0,0,0,0.1008,NA,0,0,"Sep"
1999,9,0,0,0,0,0,0,0,"Oct"
1999,10,0,0,0,0,0,0,0,"Nov"
1999,11,NA,43.4367,NA,0.0945,NA,0.099,NA,"Dec"
2000,0,522.8262,47.6946,8.7336,0.0864,NA,0.1026,2.0331,"Jan"
2000,1,576.2385,51.0417,8.6229,0.0702,0.0846,0.0279,3.456,"Feb"
2000,2,575.721,51.9759,8.4798,0.0747,0.0864,0.0027,3.879,"Mar"
2000,3,518.5242,50.7069,8.2926,0.0585,0.0792,0.0171,3.7791,"Apr"
2000,4,575.5833,49.1976,8.3412,0.0612,0.0018,0,5.04,"May"
2000,5,576.5166,48.5667,8.3457,0.0378,0.0504,0.0036,5.0418,"Jun"
2000,6,576.5121,48.6981,8.2071,0.0648,0.0765,0.009,4.9311,"Jul"
2000,7,NA,46.1889,NA,0.0729,NA,0.0189,NA,"Aug"
2000,8,0,0,0,0.09,NA,0,0,"Sep"
2000,9,0,0,0,0,0,0,0,"Oct"
2000,10,0,0,0,0,0,0,0,"Nov"
2000,11,NA,39.9357,NA,0.09,NA,0.0243,NA,"Dec"
2001,0,523.1826,46.971,6.921,0.0882,NA,0.0018,4.2147,"Jan"
2001,1,573.2334,48.0213,7.4637,0.0711,0.09,0.027,3.9753,"Feb"
2001,2,561.4389,48.5397,7.7049,0.0513,0.0873,0.0387,3.8862,"Mar"
2001,3,576.3186,47.0331,7.0029,0.0594,0.0306,0.0279,2.6676,"Apr"
2001,4,566.8911,46.1907,7.6653,0.0261,0.0702,0.0072,4.0932,"May"
2001,5,574.2306,44.2629,7.5834,0.072,0.0207,0.0036,4.5018,"Jun"
2001,6,573.3252,43.4196,7.425,0.0639,0.0558,0.0081,NA,"Jul"
2001,7,NA,42.8751,NA,0.0918,NA,0.027,NA,"Aug"
2001,8,0,0,NA,0.0891,NA,0,0,"Sep"
2001,9,0,0,NA,0,0,0,0,"Oct"
2001,10,0,0,0,0,0,0,NA,"Nov"
2001,11,NA,39.7935,NA,0.0918,NA,0.072,NA,"Dec"
2002,0,327.3615,45.3141,NA,0.0819,NA,0.0783,3.042,"Jan"
2002,1,563.0373,43.011,NA,0.072,0.0783,0.0486,4.2435,"Feb"
2002,2,496.6173,45.8541,7.5006,0.0576,0.0729,0.0666,2.4867,"Mar"
2002,3,554.7951,43.9983,7.5114,0.0729,0.0657,0.0558,4.8834,"Apr"
2002,4,576.8001,41.571,7.5285,0.0054,0.0639,0.0225,5.0427,"May"
2002,5,576.5292,40.0887,7.3503,0.0603,0.0432,0.0063,4.8969,"Jun"
2002,6,576.603,39.9789,6.8166,0.0684,0.081,0.0243,4.7772,"Jul"
2002,7,NA,39.8646,NA,0.0738,NA,0.0441,NA,"Aug"
2002,8,0,0,0,0.09,NA,0,0,"Sep"
2002,9,0,0,0,0,0,0,0,"Oct"
2002,10,0,0,0,0,0,0,0,"Nov"
2002,11,NA,38.0889,NA,0.0963,NA,0.0963,NA,"Dec"
2003,0,485.1225,40.8015,5.8581,0.09,NA,0.0684,4.1949,"Jan"
2003,1,566.8398,41.5539,7.1055,0.0675,0.0891,0.0567,4.4235,"Feb"
2003,2,570.0339,41.7015,7.0524,0.0558,0.0666,9e-04,3.2706,"Mar"
2003,3,576.0378,39.087,6.0957,0,0.0612,0.0324,4.4073,"Apr"
2003,4,576.2178,35.9037,6.993,0.0207,0.0828,0.036,5.0247,"May"
2003,5,560.133,37.8,6.8949,0.0324,0.0549,0.0072,4.8591,"Jun"
2003,6,576.2277,35.2737,6.7842,0.0873,0.0819,0.0297,4.8348,"Jul"
2003,7,NA,34.2405,NA,0.081,NA,0.2547,NA,"Aug"
2003,8,0,0,0,0.0918,NA,0,0,"Sep"
2003,9,0,0,0,0,0,0,0,"Oct"
2003,10,0,0,0,0,0,0,0,"Nov"
2003,11,NA,25.6014,NA,0.0918,NA,0.0207,NA,"Dec"
2004,0,402.5619,40.4487,6.3216,0.0864,NA,0.0603,4.2687,"Jan"
2004,1,563.9094,38.5353,6.4134,0.0864,9e-04,0.0531,4.2984,"Feb"
2004,2,425.0403,39.5469,5.9391,0.0603,0.081,0.0414,4.2291,"Mar"
2004,3,573.2073,36.8829,6.4278,0,0.0774,0.036,4.7052,"Apr"
2004,4,576.1458,35.505,6.2559,0.0639,0.0702,0,4.842,"May"
2004,5,564.8553,33.5151,6.255,0.0639,0.0747,0.0243,4.8645,"Jun"
2004,6,576.7992,34.2477,6.1425,0.0819,0.0819,0.027,4.5558,"Jul"
2004,7,NA,32.6943,NA,0.0738,NA,0.0396,NA,"Aug"
2004,8,0,0,0,0.0909,NA,0,0,"Sep"
2004,9,0,0,0,0,0,0,0,"Oct"
2004,10,0,0,0,0,0,0,0,"Nov"
2004,11,NA,37.1592,NA,0.0909,NA,0.18,NA,"Dec"
2005,0,424.7982,39.4614,6.228,0.0837,NA,0.0945,3.7287,"Jan"
2005,1,572.1174,37.944,5.9886,0.0792,0.0351,0.0081,4.4604,"Feb"
2005,2,534.0645,43.0371,6.12,0.081,0.0792,0.0099,4.6368,"Mar"
2005,3,566.2206,42.3297,6.1614,0.0531,0.0756,0.0144,4.7214,"Apr"
2005,4,565.812,38.9331,6.2451,0.0594,0.0396,0.0171,4.401,"May"
2005,5,576.5067,37.2294,5.9661,0.0648,0.0783,0.0189,4.6098,"Jun"
2005,6,567.8226,36.2772,6.2334,0.0711,0.0747,0.0324,4.5738,"Jul"
2005,7,NA,36.6435,NA,0.0774,NA,0.7101,NA,"Aug"
2005,8,0,0,0,0.0873,NA,0,0,"Sep"
2005,9,0,0,0,0,0,0,0,"Oct"
2005,10,0,0,0,0,0,0,0,"Nov"
2005,11,NA,38.52,NA,0.09,NA,0.0387,NA,"Dec"
2006,0,346.644,39.861,5.175,0.0162,NA,0,4.3308,"Jan"
2006,1,575.1792,44.6589,6.3225,0.0828,0.0909,0.0783,1.7757,"Feb"
2006,2,566.0145,43.479,6.3954,0.0612,0.0864,0,4.7034,"Mar"
2006,3,574.1055,41.9517,6.3666,0.0576,0.0783,0.0198,4.9779,"Apr"
2006,4,576.0531,39.4578,6.4179,0.018,0.0657,0.0018,5.0427,"May"
2006,5,568.5273,38.0628,6.4638,0.0711,0.0837,0,4.9869,"Jun"
2006,6,573.2397,38.6658,6.2928,0.063,NA,0,4.7709,"Jul"
2006,7,NA,40.1553,NA,0.0774,NA,0,NA,"Aug"
2006,8,0,0,0,0.0819,NA,0,0,"Sep"
2006,9,0,0,0,0,NA,0,0,"Oct"
2006,10,0,0,0,0,NA,0,0,"Nov"
2006,11,NA,37.1628,NA,0.0954,NA,0.045,NA,"Dec"
2007,0,528.2658,40.329,6.2856,0.0891,NA,0.0108,3.1815,"Jan"
2007,1,575.6643,40.9248,6.003,0.0792,NA,0.0135,4.3623,"Feb"
2007,2,536.6844,39.9402,6.0651,0.072,0.0801,0.0108,4.6602,"Mar"
2007,3,569.1681,38.3193,6.2838,0.027,0.0144,0,4.9977,"Apr"
2007,4,560.3202,37.3338,6.2424,0.0603,0.072,0,5.0157,"May"
2007,5,575.6463,37.9071,6.3153,0.0693,0.0675,0,4.9662,"Jun"
2007,6,574.9794,34.3314,6.0417,0.0774,0.0756,9e-04,4.7763,"Jul"
2007,7,NA,36.4131,NA,0.0612,NA,0.0036,NA,"Aug"
2007,8,0,0,0,0.0828,NA,0,0,"Sep"
2007,9,0,0,0,0,0,0,0,"Oct"
2007,10,0,0,0,0,0,0,0,"Nov"
2007,11,NA,33.9165,NA,0.0873,NA,0.0549,NA,"Dec"
2008,0,414.9531,39.2346,6.003,0.0927,NA,0.0324,3.9483,"Jan"
2008,1,555.6645,31.5189,6.1596,0.0549,0.0792,0.1008,4.5576,"Feb"
2008,2,565.1757,38.2221,5.8338,0.0558,0.0774,0.0405,4.7196,"Mar"
2008,3,556.4295,37.4661,6.561,0.0621,0.0729,0.0414,4.9473,"Apr"
2008,4,574.3917,34.3584,6.6735,0.0585,0.0558,0.2502,3.9996,"May"
2008,5,576.4824,32.7168,6.6213,0.0639,0.0315,0.0252,5.0157,"Jun"
2008,6,539.4744,32.9076,6.5754,0.0729,0.0666,0.0504,4.8969,"Jul"
2008,7,NA,NA,NA,0.0783,NA,0.0558,NA,"Aug"
2008,8,0,0,0,0.0891,NA,0,0,"Sep"
2008,9,0,0,0,0,0,0,0,"Oct"
2008,10,0,0,0,0,0,0,0,"Nov"
2008,11,NA,NA,NA,0.0918,NA,0.0846,NA,"Dec"
2009,0,490.4415,29.8116,4.3902,0.0801,NA,0.0693,3.9708,"Jan"
2009,1,573.822,38.8512,6.8688,0.0819,0.09,0.0477,4.2066,"Feb"
2009,2,575.964,39.4857,7.1289,0.0684,0.0864,0.0891,4.6647,"Mar"
2009,3,562.1715,40.1625,7.2441,0.0621,0.0027,0.0432,4.6278,"Apr"
2009,4,575.8164,38.0259,7.3584,0.0594,0.0297,0.0324,4.968,"May"
2009,5,557.3196,34.9335,7.4349,0.0621,0.0702,0.0306,4.9068,"Jun"
2009,6,576.6993,34.7625,7.3962,0.0639,0.0738,0.0198,4.8636,"Jul"
2009,7,NA,33.8076,NA,0.0684,NA,0.0333,NA,"Aug"
2009,8,0,0,0,0.0873,NA,0,0,"Sep"
2009,9,0,0,0,0,0,0,0,"Oct"
2009,10,0,0,0,0,0,0,0,"Nov"
2009,11,NA,24.8031,NA,0.0864,NA,0.1134,NA,"Dec"
2010,0,561.3642,34.7589,5.3991,0.0801,NA,0.2799,3.8691,"Jan"
2010,1,565.8021,36.7938,7.6635,0.0801,0.0909,0.1467,4.3938,"Feb"
2010,2,573.4935,37.7217,7.7256,0.0729,0.0639,0.1026,2.1573,"Mar"
2010,3,569.8449,37.2654,8.1225,0.0639,0.0261,0.0864,4.4487,"Apr"
2010,4,576.6336,35.5428,8.505,0.0693,0.0801,0.0981,5.0076,"May"
2010,5,576.5931,35.4807,5.7699,0.0576,0.0792,0.1053,4.9563,"Jun"
2010,6,571.3065,32.2965,8.3781,0.0765,NA,0.1377,2.9349,"Jul"
2010,7,NA,32.6826,NA,0.0801,NA,0.1008,NA,"Aug"
2010,8,0,0,NA,0.0891,NA,0,0,"Sep"
2010,9,0,0,0,0,0,0,0,"Oct"
2010,10,0,0,0,0,NA,0,0,"Nov"
2010,11,NA,34.5429,NA,0.0909,NA,0.1179,NA,"Dec"
2011,0,535.9212,38.673,NA,0.0747,NA,0.1188,3.2913,"Jan"
2011,1,525.7017,39.6216,8.4411,0.0693,0.081,0.0108,3.9969,"Feb"
2011,2,359.0577,37.3554,8.6616,0.0801,0.0837,0.1341,4.6629,"Mar"
2011,3,482.8608,45.6075,9.1386,0.0261,0.036,0.0603,4.1877,"Apr"
2011,4,576.2376,43.5456,8.937,0.0324,0.063,0.1305,5.0103,"May"
2011,5,565.6725,42.8202,9.0603,0.0315,0.0612,0.0792,5.0175,"Jun"
2011,6,542.1501,40.2309,8.9379,0.0657,0.0018,0.0333,4.914,"Jul"
2011,7,NA,42.2892,NA,0.0801,NA,NA,NA,"Aug"
2011,8,0,0,0,0.09,NA,0,NA,"Sep"
2011,9,0,0,0,0,0,0,0,"Oct"
2011,10,0,0,0,0,0,0,0,"Nov"
2011,11,NA,37.8441,NA,0.0873,NA,NA,NA,"Dec"
2012,0,498.1752,38.9862,7.4682,0,NA,0.1566,NA,"Jan"
2012,1,525.6909,36.8487,6.5826,0.0234,0.0558,0.0918,2.5542,"Feb"
2012,2,556.5852,41.5593,4.4505,0,0.0702,0,3.5802,"Mar"
2012,3,553.6296,39.5487,7.8948,0.0324,0.0036,0.0108,2.4264,"Apr"
2012,4,494.109,38.0916,8.6625,0.0135,0.0288,0,4.8483,"May"
2012,5,529.2279,36.7056,8.1909,0.0252,0.0387,0.0054,4.968,"Jun"
2012,6,544.9779,37.7919,6.6195,0.0189,NA,0,4.8258,"Jul"
2012,7,NA,36.3789,NA,0.0648,NA,0,NA,"Aug"
2012,8,0,0,NA,0.0306,NA,0,0,"Sep"
2012,9,0,0,0,0,0,0,0,"Oct"
2012,10,0,0,0,0,NA,0,0,"Nov"
2012,11,NA,27.0756,NA,0.0612,NA,0.1125,NA,"Dec"
2013,0,408.8034,37.9359,NA,0.0189,NA,0.0405,3.8862,"Jan"
2013,1,530.9478,39.024,4.9086,0.0765,0.0882,0.2097,3.6198,"Feb"
2013,2,576.27,39.0195,7.569,0.0639,0.0855,0.2529,4.5891,"Mar"
2013,3,548.5284,38.034,7.8714,0.0468,0.0288,1.899,4.2966,"Apr"
2013,4,576.2133,35.5014,7.8543,0.072,0.0828,0.0756,5.0517,"May"
2013,5,575.8884,35.4123,7.776,0.063,0.0864,9e-04,4.8681,"Jun"
2013,6,573.6933,35.0919,7.6554,0.0729,0.0828,0.009,4.6125,"Jul"
2013,7,NA,36.7227,NA,0.0738,NA,0.0072,NA,"Aug"
2013,8,0,0,0,0.0873,NA,0,0,"Sep"
2013,9,0,0,0,0,0,0,0,"Oct"
2013,10,0,0,0,0,0,0,0,"Nov"
2013,11,NA,33.9579,NA,0.0873,NA,0.1395,NA,"Dec"
2014,0,398.34,38.5146,3.6585,0.0846,NA,0.1368,3.9789,"Jan"
2014,1,389.2284,36.4167,7.1667,0.072,0.0882,0.0855,3.0942,"Feb"
2014,2,573.8814,37.4877,7.803,0.0783,0.0882,0.0207,3.465,"Mar"
2014,3,507.6504,36.3528,7.8633,0.0702,0.0846,0,5.0004,"Apr"
2014,4,574.7553,33.7608,8.028,0.0567,0.0828,0,5.0211,"May"
2014,5,576.0171,36.3123,8.0325,0.0711,0.0423,0,4.8663,"Jun"
2014,6,576.72,33.7941,8.1027,0.0738,0.0846,0,2.385,"Jul"
2014,7,NA,35.5005,NA,0.09,NA,9e-04,NA,"Aug"
2014,8,0,0,0,0.0828,NA,0,NA,"Sep"
2014,9,0,0,0,0,0,0,0,"Oct"
2014,10,0,0,0,0,0,0,0,"Nov"
2014,11,NA,29.0844,NA,0.0693,NA,0.072,NA,"Dec"
2015,0,443.0709,33.6906,8.6382,0.0567,NA,0,NA,"Jan"
2015,1,573.0012,34.1964,8.4096,0.0855,0.0567,0.1278,3.8727,"Feb"
2015,2,575.1441,37.3635,7.4682,0.0738,0.0864,0.0531,4.6755,"Mar"
2015,3,538.1217,35.8749,8.6067,0.072,0.072,0.0072,4.8285,"Apr"
2015,4,561.5532,32.4648,8.6526,0.0693,0,0.0324,4.7916,"May"
2015,5,493.1253,31.9374,8.6301,0.0747,0.0837,0.0018,4.6026,"Jun"
2015,6,NA,32.9886,8.5284,0.0747,0.0882,0.0018,NA,"Jul"
2015,7,NA,34.2918,NA,0.0792,NA,NA,NA,"Aug"
2015,8,0,0,0,0,0,0,0,"Sep"
2015,9,0,0,0,0,0,0,0,"Oct"
2015,10,NA,0,0,0,0,0,NA,"Nov"
2015,11,NA,33.2271,NA,0.0405,NA,NA,NA,"Dec"
2016,0,576.9027,34.9677,7.2396,0.0918,0.0828,0.1494,4.1562,"Jan"
2016,1,563.4567,35.6634,8.2062,0.0846,0.0909,0.1179,4.356,"Feb"
2016,2,576.6444,35.5761,8.4825,0.0765,0.0837,0.0036,4.752,"Mar"
2016,3,577.2141,34.5105,8.6292,0.0729,0.081,0.0018,4.9113,"Apr"
2016,4,577.2006,31.6566,8.5761,0.0657,0.0783,9e-04,4.7664,"May"
2016,5,562.9797,30.1851,8.5707,0.0585,0.0864,9e-04,4.6737,"Jun"
2016,6,564.6402,32.0508,8.127,0.0639,0.0891,9e-04,NA,"Jul"
2016,7,NA,NA,NA,0.0864,NA,9e-04,NA,"Aug"
2016,8,0,0,0,0,0,0,NA,"Sep"
2016,9,0,0,0,0,0,0,0,"Oct"
2016,10,0,0,0,0,0,0,NA,"Nov"
2016,11,NA,NA,NA,0.09,NA,0.0855,NA,"Dec"
2017,0,558.1314,38.7927,6.2757,0.0873,0.0513,0.0558,NA,"Jan"
2017,1,566.7975,40.8834,8.5878,0.0819,0.0198,0.0306,4.4748,"Feb"
2017,2,538.3656,40.3353,8.7174,0.0747,0.0882,0.3366,4.7745,"Mar"
2017,3,565.5087,38.0826,8.8245,0.0738,0.0342,0.0684,5.0238,"Apr"
2017,4,565.6023,35.3169,8.8371,0.0495,0.0864,9e-04,5.0409,"May"
2017,5,576.7524,34.4358,8.8137,0.0738,0.0882,0,5.0292,"Jun"
2017,6,577.3455,35.4483,8.8056,0.0774,0.0774,0,NA,"Jul"
2017,7,NA,NA,NA,0.0846,NA,NA,NA,"Aug"
2017,8,0,0,NA,0.0693,NA,0,NA,"Sep"
2017,9,0,0,0,0,NA,0,0,"Oct"
2017,10,0,0,0,0,0,0,NA,"Nov"
2017,11,NA,NA,NA,0.0846,NA,NA,NA,"Dec"
2018,0,538.1505,38.3805,NA,0.0855,NA,0.0954,NA,"Jan"
2018,1,572.04,36.0486,8.7021,0.0954,NA,0.1206,2.3814,"Feb"
2018,2,531.9927,37.1376,8.8722,0.0675,0.0927,0.0297,4.7916,"Mar"
2018,3,562.9752,35.28,9.0441,0.0621,0.081,9e-04,5.0166,"Apr"
2018,4,577.3464,32.6889,9.171,0.072,0.0216,0,5.0499,"May"
2018,5,575.8083,31.41,9.1368,0.0702,0.0621,9e-04,4.7556,"Jun"
2018,6,572.4306,30.1428,8.9154,0.0747,9e-04,9e-04,NA,"Jul"
2018,7,NA,NA,NA,0.0918,NA,0.018,NA,"Aug"
2018,8,0,0,NA,0,NA,0,0,"Sep"
2018,9,0,0,0,0,0,0,0,"Oct"
2018,10,0,0,0,0,0,0,NA,"Nov"
2018,11,NA,NA,NA,0.0549,NA,0.1143,NA,"Dec"
2019,0,465.4368,30.2067,NA,0.0936,NA,0.2484,3.3543,"Jan"
2019,1,436.8744,37.4337,8.6535,0.0747,0.0981,0.6471,4.7178,"Feb"
2019,2,174.537,38.0691,8.5977,0.0738,0.0918,0.9549,4.8294,"Mar"
2019,3,568.6146,38.1627,9.126,0.0297,0.0819,2.7135,4.7178,"Apr"
2019,4,577.5228,35.9865,9.1548,0.0756,0.0864,2.6514,4.977,"May"
2019,5,574.2549,33.7077,9.1098,0.0756,0.072,0.0054,4.9248,"Jun"
2019,6,513.3483,35.6346,NA,0.0792,0.0882,9e-04,3.2301,"Jul"
2019,7,NA,34.776,NA,0.0801,NA,0.0369,NA,"Aug"
2019,8,0,0,0,0,NA,0,0,"Sep"
2019,9,0,0,0,0,0,0,0,"Oct"
2019,10,0,0,NA,0,0,0,0,"Nov"
2019,11,NA,33.741,NA,0.0846,NA,0.1593,NA,"Dec"
